Titel,Beruf,Arbeitgeber,Ort,Region,Land,PLZ,Veröffentlicht am,Eintrittsdatum,URL
Data Scientist (m/w/d),Data Scientist,enercity Netz GmbH,Hannover,Niedersachsen,Deutschland,30459,2025-05-27,2025-05-27,https://www.kalaydo.de/jobs/15419521/?utm_id=ba&utm_source=bundesagentur&utm_medium=unpaid-partner&utm_campaign=000&campaign=ba
Data Scientist (m/w/d),Data Scientist,HUK-COBURG Versicherungsgruppe,Coburg,Bayern,Deutschland,96450,2025-05-27,2025-05-27,https://www.jobvector.de/job/mathematiker-1ffbfccf9bd59435/?utm_source=arbeitsagentur&utm_medium=partner&utm_campaign=tmcfdae_job_jid226854&utm_content=b2c&utm_term=tmf8eca_uic865fb5b
Data Scientist (m/w/d),Data Scientist,HUK-COBURG Versicherungsgruppe,Coburg,Bayern,Deutschland,96450,2025-05-27,2025-05-27,https://www.jobvector.de/job/mathematiker-ae4b87dcf1130590/?utm_source=arbeitsagentur&utm_medium=partner&utm_campaign=tmcfdae_job_jid229164&utm_content=b2c&utm_term=tmf8eca_uic0efecdb
Data Scientist (m/w/d),Data Scientist,HUK-COBURG Versicherungsgruppe,Coburg,Bayern,Deutschland,96450,2025-05-27,2025-05-27,https://www.jobvector.de/job/mathematiker-01b0cd842060cc08/?utm_source=arbeitsagentur&utm_medium=partner&utm_campaign=tmcfdae_job_jid229165&utm_content=b2c&utm_term=tmf8eca_uicbc4b00a
Data Scientist (m/w/d),Data Scientist,enercity AG,Hannover,Niedersachsen,Deutschland,30159,2025-05-27,2025-05-27,https://jobs.jobspreader.com/viewjob-45bdh?utm_source=jsba-premium&utm_medium=n-a&utm_campaign=it&utm_term=data-scientist-m-w-d
Data Scientist (w/m/d),Data Scientist,HUK-COBURG VVaG,Coburg,Bayern,Deutschland,96450,2025-05-23,2025-05-23,https://jobboerse.arbeitsagentur.de/vamJB/stellenangebotFinden.html?refnr=10000-1202604733-S
Data Scientist,Data Scientist,WIENER STADTWERKE GmbH,Wien,Wien,Österreich,1030,2025-05-26,2025-05-27,https://jobs.ams.at/public/emps/jobs/uuid/6b43afd7-51ab-3a21-8d0a-a6d23c43700d
Data Scientist (m/w/d),Data Scientist,Aschert & Bohrmann GmbH,Köln,Nordrhein-Westfalen,Deutschland,,2025-04-30,2025-04-30,https://jobboerse.arbeitsagentur.de/vamJB/stellenangebotFinden.html?refnr=10001-1001388447-S
Data Scientist,Data Scientist,HEROLD Business Data GmbH,Wien,Wien,Österreich,1100,2025-05-12,2025-05-13,https://jobs.ams.at/public/emps/jobs/uuid/8dfd93f6-eeda-3863-bd2c-0e73d2107241
Data Scientist (m/w/d),Data Scientist,HUK-COBURG Versicherungsgruppe,Coburg,Bayern,Deutschland,96450,2025-05-22,2025-05-22,https://www.kalaydo.de/jobs/15391387/?utm_id=ba&utm_source=bundesagentur&utm_medium=unpaid-partner&utm_campaign=000&campaign=ba
Data Scientist (m/w/d),Mathematiker/in,HUK-COBURG Versicherungsgruppe,Coburg,Bayern,Deutschland,96450,2025-05-21,2025-05-21,https://www.jobvector.de/job/data-scientist-1a92699e242ca1be/?utm_source=arbeitsagentur&utm_medium=partner&utm_campaign=tmcfdae_job_jid229166&utm_content=b2c&utm_term=tmf8eca_uicaad94c9
Data Scientist (m/w/d),Data Scientist,BwFuhrpark Service GmbH,Siegburg,Nordrhein-Westfalen,Deutschland,53721,2025-05-15,2025-05-15,https://jobboerse.arbeitsagentur.de/vamJB/stellenangebotFinden.html?refnr=10001-1001425396-S
Data Scientist (m/w/d),Data Scientist,Peagle GmbH,Erfurt,Thüringen,Deutschland,,2025-04-28,2025-04-28,https://jobboerse.arbeitsagentur.de/vamJB/stellenangebotFinden.html?refnr=10001-1001382061-S
Data Scientist (m/w/d),Data Scientist,Arnulf Betzold GmbH,Ellwangen (Jagst),Baden-Württemberg,Deutschland,73479,2025-02-10,2025-03-14,https://jobboerse.arbeitsagentur.de/vamJB/stellenangebotFinden.html?refnr=10001-1001127841-S
Data Scientist (w/m/d),Data Scientist,50Hertz Transmission GmbH AD Berlin,Berlin,Berlin,Deutschland,10557,2025-04-15,2025-05-19,https://jobboerse.arbeitsagentur.de/vamJB/stellenangebotFinden.html?refnr=10001-1001353223-S
Data Scientist (m/w/d),Projektingenieur/in,Fraunhofer-Institut für Produktionstechnologie IPT,Aachen,Nordrhein-Westfalen,Deutschland,52074,2025-05-06,2025-05-27,https://www.jobvector.de/job/52cdd11330c88ab1/?utm_source=arbeitsagentur&utm_medium=partner&utm_campaign=tmcfdae_job_jid228305&utm_content=b2c&utm_term=tmf8eca_uic3309aa4
Data Scientist,Data Scientist,AIT Austrian Institute of Technology GmbH,Wien,Wien,Österreich,1210,2025-05-02,2025-05-27,https://jobs.ams.at/public/emps/jobs/uuid/aa2f6fff-4645-3685-99c8-2fa84d72de6a
Data Scientist,Data Scientist,smartpoint dataformers,Bundesland: Wien,,Österreich,,2025-04-28,2025-05-24,https://jobs.ams.at/public/emps/jobs/uuid/651c0a6e-33f0-3468-a729-65b457fa78a9
Data Scientist,Data Scientist,UNIVERSITÄT für BODENKULTUR WIEN,Wien,Wien,Österreich,1180,2025-04-24,2025-05-01,https://jobs.ams.at/public/emps/jobs/BTR238510_16794119
Data Scientist,Data Scientist,UNIVERSITÄT für BODENKULTUR WIEN,Wien,Wien,Österreich,1180,2025-04-24,2025-05-01,https://jobs.ams.at/public/emps/jobs/BTR238510_16794244
Data Scientist,Data Scientist,Erste Group Bank AG,Wien,Wien,Österreich,1100,2025-04-17,2025-05-27,https://jobs.ams.at/public/emps/jobs/uuid/39025854-7944-325f-9e5b-66fcf4b4c647
Data Scientist,Data Scientist,Infineon Technologies Austria AG,Villach,Kärnten,Österreich,9500,2025-04-16,2025-05-15,https://jobs.ams.at/public/emps/jobs/uuid/855b0aa4-2fc9-3cdd-ba80-0d2d12b29f9c
Data Scientist (m/w/d),Data-Warehouse-Analyst/in,CANCOM SE,München,Bayern,Deutschland,80636,2025-03-20,2025-04-23,https://jobboerse.arbeitsagentur.de/vamJB/stellenangebotFinden.html?refnr=18935-1706526-S
Data Scientist,Data Scientist,HOFER KG,Sattledt,Oberösterreich,Österreich,4642,2025-04-09,2025-05-12,https://jobs.ams.at/public/emps/jobs/uuid/81729d5e-a8ce-32b0-bf21-f534d49d0ac8
Data Scientist,Data Scientist,Unser Ö-Bonus Club GmbH,Wien,Wien,Österreich,1120,2025-04-08,2025-05-23,https://jobs.ams.at/public/emps/jobs/uuid/aadff79d-b471-3fa8-bba4-01aaffe3c796
Data Scientist (m/w/d),Data Scientist,Lantenhammer Consulting,München,Bayern,Deutschland,,2021-08-27,2025-05-26,https://jobboerse.arbeitsagentur.de/vamJB/stellenangebotFinden.html?refnr=10000-1185445644-S
Data Scientist,Data Scientist,Wimmer Medien GmbH & Co.KG.,"Linz, Donau",Oberösterreich,Österreich,4020,2025-04-03,2025-05-22,https://jobs.ams.at/public/emps/jobs/uuid/84f78f37-b790-3c89-a649-cf61f275178e
Data Scientist,Data Scientist,Wimmer Medien GmbH & Co.KG.,"Linz, Donau",Oberösterreich,Österreich,4020,2025-04-03,2025-05-22,https://jobs.ams.at/public/emps/jobs/uuid/143f7e5c-654b-3ceb-8baf-33ff9446b44d
Data Scientist,Data Scientist,Falstaff Verlags GmbH,Wien,Wien,Österreich,1010,2025-04-02,2025-05-24,https://jobs.ams.at/public/emps/jobs/uuid/20f71a69-42d0-3571-a32c-b2072f8bf5b3
Data Scientist,Data Scientist,SSC GmbH,"Hoheneich, NÖ",Niederösterreich,Österreich,3945,2025-04-02,2025-05-24,https://jobs.ams.at/public/emps/jobs/uuid/b61dd33b-7da5-3f1f-bc63-1dca3aae4593
Data Scientist,Data Scientist,HOFER KG,Sattledt,Oberösterreich,Österreich,4642,2025-03-28,2025-05-12,https://jobs.ams.at/public/emps/jobs/uuid/60e48301-ebb7-3d21-b1f5-ad8ef52cbde4
Data Scientist,Data Scientist,MANOVA GmbH,Wien,Wien,Österreich,1010,2025-03-19,2025-05-22,https://jobs.ams.at/public/emps/jobs/uuid/4df7f236-42d7-3cab-af0f-d521bf6cb80f
Data Scientist,Data Scientist,HOFER KG,Sattledt,Oberösterreich,Österreich,4642,2025-03-17,2025-05-12,https://jobs.ams.at/public/emps/jobs/uuid/3ee1fd67-a912-3e2f-8ed0-c6557ffe0b54
Data Scientist,Data Scientist,Cops Gesellschaft für angewandte Systemanalyse und Programmierung Ges.m.b.H,Wien,Wien,Österreich,1140,2025-03-11,2025-05-24,https://jobs.ams.at/public/emps/jobs/uuid/5708fa87-361f-3807-a286-63572c73841f
Data Scientist,Data Scientist,ÖBB-Business Competence Center GmbH,Wien,Wien,Österreich,1020,2025-01-23,2025-05-24,https://jobs.ams.at/public/emps/jobs/uuid/b8a33077-d9f4-36be-b452-7b3959c1ca71
Data Scientist,Data Scientist,XXXLdigital Linz,"Linz, Donau",Oberösterreich,Österreich,4020,2024-12-19,2025-05-23,https://jobs.ams.at/public/emps/jobs/uuid/66f932ea-61ba-32bb-a5d1-41809bb21ccd
Senior Data Scientist (m/w/d),Data-Warehouse-Analyst/in,AMADEUS FIRE AG,Köln,Nordrhein-Westfalen,Deutschland,50672,2025-05-22,2025-05-29,https://jobboerse.arbeitsagentur.de/vamJB/stellenangebotFinden.html?refnr=12862-221545-S
Data Scientist / Data Engineer (m/w/d),Data Scientist,Franz Kessler GmbH,Bad Buchau,Baden-Württemberg,Deutschland,88422,2025-05-27,2025-05-31,https://www.jobexport.de/job/4784268.html?exp=144&cid=js-bc_7245
Data Scientist Marketing (m/w/d),Data Scientist,Dr. Ausbüttel & Co. GmbH,Dortmund,Nordrhein-Westfalen,Deutschland,44149,2025-05-27,2025-05-28,https://www.persy.jobs/persy/l/job-fquns-b
(Senior) Data Scientist (w/m/d),Data Scientist,1 & 1 Mail & Media Applications SE,"Karlsruhe, Baden",Baden-Württemberg,Deutschland,76135,2025-05-20,2025-05-21,https://jobboerse.arbeitsagentur.de/vamJB/stellenangebotFinden.html?refnr=10001-1001437488-S
Data Scientist (m/w/d)  - Geldanlage,Data Scientist,CHECK24,München,Bayern,Deutschland,80636,2025-05-26,2025-05-27,https://www.persy.jobs/persy/l/job-fj9zr-b
(Senior) Data Scientist (m/w/d),Data Scientist,Hyand Group,Köln,Nordrhein-Westfalen,Deutschland,50667,2025-05-26,2025-05-26,https://www.yourfirm.de/job/detail/20250518-27682130/?utm_campaign=free&utm_source=bundesagentur&utm_medium=unpaid-partner
Senior Data Scientist (m/w/d),Data Scientist,FindYou Consulting GmbH,Berlin,Berlin,Deutschland,10178,2025-05-26,2025-05-27,https://www.persy.jobs/persy/l/job-fqrnr-b
Data Scientist (m/w/d) Schwerpunkt Geheimhaltung,IT-Berater/in,Information und Technik Nordrhein-Westfalen (IT.NRW),Düsseldorf,Nordrhein-Westfalen,Deutschland,40476,2025-05-19,2025-06-05,https://jobboerse.arbeitsagentur.de/vamJB/stellenangebotFinden.html?refnr=15643-01-nfjVrD-S
Data Scientist (m/w/d) mit Berufserfahrung,Data-Warehouse-Analyst/in,AMADEUS FIRE AG,Köln,Nordrhein-Westfalen,Deutschland,50672,2025-05-09,2025-05-16,https://jobboerse.arbeitsagentur.de/vamJB/stellenangebotFinden.html?refnr=12862-220702-S
Data Consultant (m/w/d),Data Scientist,zeb,Berlin,Berlin,Deutschland,10117,2025-05-21,2025-06-21,https://studyflix.de/jobs/angebote/377792?l=704353&utm_source=ba
Data Scientist (m/w/d) mit Schwerpunkt auf Python und...,Data-Warehouse-Analyst/in,AMADEUS FIRE AG,Köln,Nordrhein-Westfalen,Deutschland,50672,2025-04-09,2025-04-16,https://jobboerse.arbeitsagentur.de/vamJB/stellenangebotFinden.html?refnr=12862-218385-S
Data Scientist (m/w/d),Informatiker/in,iOMEDICO AG,Freiburg im Breisgau,Baden-Württemberg,Deutschland,79106,2025-04-08,2025-04-08,https://jobboerse.arbeitsagentur.de/vamJB/stellenangebotFinden.html?refnr=10001-1001327175-S
Data Scientist (m/w/d)Informationstechnik (,Data Scientist,AOK Rheinland-Pfalz/Saarland Direktion,,Rheinland-Pfalz,Deutschland,,2025-05-07,2025-05-09,https://jobboerse.arbeitsagentur.de/vamJB/stellenangebotFinden.html?refnr=10000-1202421048-S
jr. Data Scientist (m/w/d),Data Scientist,evocenta GmbH,Gelsenkirchen,Nordrhein-Westfalen,Deutschland,45886,2024-10-14,2025-03-11,https://jobboerse.arbeitsagentur.de/vamJB/stellenangebotFinden.html?refnr=10001-1000754251-S
Data Scientist (m/w/d),Informatiker/in,evocenta GmbH,Gelsenkirchen,Nordrhein-Westfalen,Deutschland,45886,2024-10-09,2025-05-20,https://jobboerse.arbeitsagentur.de/vamJB/stellenangebotFinden.html?refnr=10001-1000738586-S
Data Scientist (w/m/d),Informatiker/in,PSI Technics GmbH,"Winningen, Mosel",Rheinland-Pfalz,Deutschland,56333,2025-03-06,2025-05-13,https://jobboerse.arbeitsagentur.de/vamJB/stellenangebotFinden.html?refnr=10000-1201827806-S
Data Engineer (m/w/d),Data Scientist,BioNTech SE,Mainz am Rhein,Rheinland-Pfalz,Deutschland,55131,2025-05-14,2025-05-20,https://www.jobvector.de/job/data-engineer-8b30288733d75940/?utm_source=arbeitsagentur&utm_medium=partner&utm_campaign=tmcfdae_job_jid228662&utm_content=b2c&utm_term=tmf8eca_uicff191db
Data Scientist (aGw*),Data Scientist,Lindner SE,Arnstorf,Bayern,Deutschland,94424,2024-01-22,2025-03-05,https://jobboerse.arbeitsagentur.de/vamJB/stellenangebotFinden.html?refnr=10000-1197574083-S
Data Scientist (m/w/d),Informatiker/in,Universitätsklinikum Aachen AöR,Aachen,Nordrhein-Westfalen,Deutschland,52074,2025-05-08,2025-05-16,https://www.jobvector.de/job/data-scientist-47c0b8d06e844e38/?utm_source=arbeitsagentur&utm_medium=partner&utm_campaign=tmcfdae_job_jid228451&utm_content=b2c&utm_term=tmf8eca_uic0dc7e4e
Data Engineer (m/w/d),Data Scientist,Hays AG,Köln,Nordrhein-Westfalen,Deutschland,,2025-03-03,2025-03-03,https://jobboerse.arbeitsagentur.de/vamJB/stellenangebotFinden.html?refnr=13319-786025/1_535748LS-S
Senior Data Scientist (m/w/d),Softwareentwickler/in,Steadforce,München,Bayern,Deutschland,80686,2025-05-01,2025-05-01,https://germantechjobs.de/jobs/Steadforce-Senior-Data-Scientist-mwd?utm_source=ba_int&utm_medium=ba_int&utm_campaign=ba_int
KI-Entwickler (m/w/d),Data Scientist,Northrop Grumman LITEF GmbH,Freiburg im Breisgau,Baden-Württemberg,Deutschland,79115,2025-05-27,2025-06-27,https://studyflix.de/jobs/angebote/402036?l=705947&utm_source=ba
Senior Data Scientist (m/w/d),Wirtschaftsinformatiker/in (Hochschule),Mediengruppe Oberfranken GmbH & Co. KG,Bamberg,Bayern,Deutschland,96050,2025-05-22,2025-05-27,https://jobboerse.arbeitsagentur.de/vamJB/stellenangebotFinden.html?refnr=17006-1311-1692625-0-S
Data Scientist - Liaison-Officer m/w/d,Data Scientist,Umweltbundesamt Dessau-Roßlau,Dessau-Roßlau,Sachsen-Anhalt,Deutschland,06844,2025-05-21,2025-07-01,https://jobboerse.arbeitsagentur.de/vamJB/stellenangebotFinden.html?refnr=10000-1202576287-S
Data Scientist / Engineer (gn),Data Scientist,workidentity GmbH,Hamburg,Hamburg,Deutschland,20097,2025-05-26,2025-05-27,https://www.persy.jobs/persy/l/job-fje0i-b
Senior Data Scientist Retail (m/w/d),Data Scientist,AVANTGARDE Experts,Köln,Nordrhein-Westfalen,Deutschland,50667,2025-05-26,2025-05-27,https://www.persy.jobs/persy/l/job-fny64-b
Data Scientist (m/w/d) - Data Analytics Expert,Data Scientist,Ratbacher GmbH,Bielefeld,Nordrhein-Westfalen,Deutschland,33611,2025-05-26,2025-05-27,https://www.persy.jobs/persy/l/job-fivts-b
Entwickler Datenbanken (m/w/d) / Data Scientist,Datenbankentwickler/in,socoto gmbh & co. kg,Trier,Rheinland-Pfalz,Deutschland,54292,2025-05-08,2025-05-09,https://jobboerse.arbeitsagentur.de/vamJB/stellenangebotFinden.html?refnr=10001-1001404181-S
Spezialisten (m/w/d) Kapitalanlagen,Data Scientist,Öffentliche Versicherung Braunschweig,Braunschweig,Niedersachsen,Deutschland,38122,2025-05-22,2025-05-22,https://jobs.candooze.com/view/static/bapub/58272
Big Data Scientist / Data Analyst (w/m/d),Mathematiker/in,prognum Automotive GmbH,Stuttgart,Baden-Württemberg,Deutschland,70597,2025-05-05,2025-05-12,https://jobboerse.arbeitsagentur.de/vamJB/stellenangebotFinden.html?refnr=15006-k40180.1055-S
wissenschaftliche/n Mitarbeiter/in (Data Scientist) (m/w/d),Hydrologe/Hydrologin,"Hessisches Landesamt für Naturschutz, Umwelt und Geologie",Wiesbaden,Hessen,Deutschland,65203,2025-05-08,2025-05-08,https://jobboerse.arbeitsagentur.de/vamJB/stellenangebotFinden.html?refnr=10001-1001405275-S
Master Data Manager (m/w/d),Data Scientist,Albert Ziegler GmbH,Giengen an der Brenz,Baden-Württemberg,Deutschland,89537,2025-05-15,2025-05-15,https://jobboerse.arbeitsagentur.de/vamJB/stellenangebotFinden.html?refnr=10000-1202505077-S
Data Scientist (all genders),Data Scientist,BORA Lüftungstechnik GmbH,Kiefersfelden,Bayern,Deutschland,83088,2025-02-04,2025-04-29,https://jobboerse.arbeitsagentur.de/vamJB/stellenangebotFinden.html?refnr=10001-1000975980-S
Data Scientist d/w/m,Informatiker/in,RWE Generation SE,"Essen, Ruhr",Nordrhein-Westfalen,Deutschland,45141,2025-04-24,2025-04-24,https://jobboerse.arbeitsagentur.de/vamJB/stellenangebotFinden.html?refnr=10000-1202312593-S
(Senior) Data Scientist mit Schwerpunkt Forecasting (m/w/d),Data Scientist,EDEKA ZENTRALE Stiftung & Co. KG,Hamburg,Hamburg,Deutschland,22297,2025-04-16,2025-05-15,https://jobboerse.arbeitsagentur.de/vamJB/stellenangebotFinden.html?refnr=13334-00005f5a8c0001-S
Data Scientist (m/w/d) mit variablem Anteil,Data-Warehouse-Analyst/in,AMADEUS FIRE AG,Köln,Nordrhein-Westfalen,Deutschland,50667,2025-03-19,2025-03-26,https://jobboerse.arbeitsagentur.de/vamJB/stellenangebotFinden.html?refnr=12862-216625-S
(Senior) Data Scientist - Python (m/w/d),Data Scientist,Oskar Böttcher GmbH & Co. KG,Berlin,Berlin,Deutschland,10713,2025-05-05,2025-05-06,https://jobboerse.arbeitsagentur.de/vamJB/stellenangebotFinden.html?refnr=17869-0055913917-S
Referent Data Governance (m/w/d),Data Scientist,TenneT TSO GmbH,Bayreuth,Bayern,Deutschland,95448,2025-05-11,2025-05-11,https://www.jobware.de/job/055569118?jw_chl_seg=ARBEITSAGENTUR
Clinical Data Manager (m/w/d),Data Scientist,Deutsches Herzzentrum München des Freistaates Bayern,München,Bayern,Deutschland,80636,2025-04-22,2025-05-22,https://jobboerse.arbeitsagentur.de/vamJB/stellenangebotFinden.html?refnr=17378-98501X295675-S
Professur für Data Science (m/w/d),Data Scientist,Duale Hochschule Baden-Württemberg,"Ravensburg, Württemberg",Baden-Württemberg,Deutschland,88212,2025-04-25,2025-05-23,https://jobboerse.arbeitsagentur.de/vamJB/stellenangebotFinden.html?refnr=10001-1001375584-S
Data Scientist (m/w/d) [Kziff.CL68AV98],Data Scientist,avivar experts GmbH,Holzwickede,Nordrhein-Westfalen,Deutschland,59439,2025-03-12,2025-05-20,https://jobboerse.arbeitsagentur.de/vamJB/stellenangebotFinden.html?refnr=10001-1001235983-S
(Senior) Data Scientist Analytics (m/w/d),Data Scientist,REWE Group,Köln,Nordrhein-Westfalen,Deutschland,50933,2024-01-01,2025-05-03,https://jobboerse.arbeitsagentur.de/vamJB/stellenangebotFinden.html?refnr=12608-1062149-28033-1-S
Data Scientist (m/w/d) [Kziff.OK6898],Data Scientist,L&W CONSOLIDATION GmbH,Holzwickede,Nordrhein-Westfalen,Deutschland,59439,2025-01-27,2025-05-20,https://jobboerse.arbeitsagentur.de/vamJB/stellenangebotFinden.html?refnr=10001-1000213699-S
Data Compliance Technologist (m/w/d),Data Scientist,Deloitte GmbH,Leipzig,Sachsen,Deutschland,04317,2025-02-07,2025-05-26,https://jobboerse.arbeitsagentur.de/vamJB/stellenangebotFinden.html?refnr=15794-464197_47253-1-S
Werkstudent:in Data Science,Data Scientist,nerou GmbH,Köln,Nordrhein-Westfalen,Deutschland,50939,2025-04-24,2025-05-16,https://www.jobexport.de/job/4742205.html?exp=204&cid=1298
Data/BI Specialist (m/w/d),Data Scientist,Hamburger Hafen und Logistik AG,Hamburg,Hamburg,Deutschland,20457,2025-01-28,2025-05-26,https://jobboerse.arbeitsagentur.de/vamJB/stellenangebotFinden.html?refnr=15023-0007530133e001-S
Generalist Data Protection (m/w/d),Data Scientist,Hays AG,Hannover,Niedersachsen,Deutschland,,2025-03-31,2025-03-31,https://jobboerse.arbeitsagentur.de/vamJB/stellenangebotFinden.html?refnr=13319-814702/1_543224LS-S
Data Scientist (m/w/d) - Data Analytics Expert,Softwareentwickler/in,Ratbacher GmbH,Bielefeld,Nordrhein-Westfalen,Deutschland,33611,2025-03-07,2025-05-04,https://deutschland-stellenmarkt.de/job_show.php?id=bfa$bfa_11112-45419-1675762-0-S
(Junior) Data Scientist (m/f/d) FinTech,Data Scientist,CHECK24,München,Bayern,Deutschland,80636,2025-05-26,2025-05-27,https://www.persy.jobs/persy/l/job-fjd62-b
Data Scientist (m/w/d) Technisches Produktmanagement Explorer,Data Scientist,CHECK24,Erfurt,Thüringen,Deutschland,99084,2025-05-26,2025-05-27,https://www.persy.jobs/persy/l/job-fjb92-b
Data Scientist für vertrauenswürdige KI,Informatiker/in,Fraunhofer-Gesellschaft e.V. Zentrale München,Sankt Augustin,Nordrhein-Westfalen,Deutschland,53757,2025-05-22,2025-09-01,https://jobboerse.arbeitsagentur.de/vamJB/stellenangebotFinden.html?refnr=15861-43401112-521-S
Strategic Account Manager / Data Management (m/w/d),Data Scientist,Hays AG,,,Deutschland,,2025-05-22,2025-05-22,https://jobboerse.arbeitsagentur.de/vamJB/stellenangebotFinden.html?refnr=13319-821612/1_552280LS-S
Claims Data Scientist (m/f/d)*,"Tester/in, Testperson",Münchener Rückversicherungs AG,München,Bayern,Deutschland,80802,2025-05-21,2025-05-21,https://jobboerse.arbeitsagentur.de/vamJB/stellenangebotFinden.html?refnr=10001-1001426786-S
Abteilungsleitung (m/w/d) Vertriebscontrolling und -steuerung,Data Scientist,Öffentliche Versicherung Braunschweig,Braunschweig,Niedersachsen,Deutschland,38122,2025-05-23,2025-05-23,https://jobs.candooze.com/view/static/bapub/58306
Junior Algorithm Engineer (m/w/d),Data Scientist,Vodafone GmbH,Berlin,Berlin,Deutschland,10115,2025-05-23,2025-06-01,https://jobboerse.arbeitsagentur.de/vamJB/stellenangebotFinden.html?refnr=17102-43404140-522-S
Data Scientist Optical Spectroscopy (w/m/d),Forschungs- und Entwicklungsingenieur/in,Analytik Jena GmbH+Co. KG,Jena,Thüringen,Deutschland,07745,2025-05-20,2025-05-20,https://thaff-thueringen.de/Stellenangebote/data-scientist-optical-spectroscopy-w-m-d
Manager Hyperautomation (f/m/d),Data Scientist,Heidelberg Materials AG,"Heidelberg, Neckar",Baden-Württemberg,Deutschland,69120,2025-05-15,2025-05-15,https://jobboerse.arbeitsagentur.de/vamJB/stellenangebotFinden.html?refnr=17645-BB-632048-7878-6672-S
Full-Stack Data Scientist (m/w/d) in Vollzeit,Data Scientist,Bad Apotheke Apotal,Hilter am Teutoburger Wald,Niedersachsen,Deutschland,49176,2025-04-24,2025-04-24,https://jobboerse.arbeitsagentur.de/vamJB/stellenangebotFinden.html?refnr=10000-1202308680-S
Zwei Wissenschaftliche Mitarbeiter/-innen,Data Scientist,Statistisches Bundesamt,Wiesbaden,Hessen,Deutschland,65189,2025-05-12,2025-05-12,https://jobboerse.arbeitsagentur.de/vamJB/stellenangebotFinden.html?refnr=10001-1001413984-S
Data Governance & Management Specialist (w/m/d),Data Scientist,GEA Group Aktiengesellschaft,"Oelde, Westfalen",Nordrhein-Westfalen,Deutschland,59302,2025-05-09,2025-06-01,https://jobboerse.arbeitsagentur.de/vamJB/stellenangebotFinden.html?refnr=18741-398324491-S
Senior Data Scientist – Quantitatives Portfoliomanagement (w/m/d),Data Scientist,HUK-COBURG VVaG,Coburg,Bayern,Deutschland,96450,2025-04-03,2025-04-10,https://jobboerse.arbeitsagentur.de/vamJB/stellenangebotFinden.html?refnr=10000-1202125626-S
Data Scientist mit Schwerpunkt Machine Learning (d/m/w),Data Scientist,Haufe Group SE,Freiburg im Breisgau,Baden-Württemberg,Deutschland,79106,2025-05-15,2025-05-15,https://jobs.jobspreader.com/viewjob-8gckk?utm_source=jsba-premium&utm_medium=n-a&utm_campaign=it&utm_term=data-scientist-mit-schwerpunkt-machine-learning-d-m-w
Data Scientist*in Reinforcement Learning,Informatiker/in,Fraunhofer-Gesellschaft e.V. Zentrale München,Sankt Augustin,Nordrhein-Westfalen,Deutschland,53757,2025-05-06,2025-08-01,https://jobboerse.arbeitsagentur.de/vamJB/stellenangebotFinden.html?refnr=15861-43360429-55-S
Fachleiter Master Data Governance  (m/w/d),Data Scientist,Hays AG,,,Deutschland,,2025-04-28,2025-04-28,https://jobboerse.arbeitsagentur.de/vamJB/stellenangebotFinden.html?refnr=13319-816988/1_545366LS-S
Werkstudent Data Analytics - Algorithmik (m/w/d),Data Scientist,Rheinmetall AG,Düsseldorf,Nordrhein-Westfalen,Deutschland,40476,2025-03-25,2025-05-21,https://jobboerse.arbeitsagentur.de/vamJB/stellenangebotFinden.html?refnr=15939-BB-630509-7878-1263-S
(Senior) Data Scientist im Consulting,Informatiker/in,viadee Unternehmensberatung AG,Köln,Nordrhein-Westfalen,Deutschland,50668,2024-12-16,2025-05-20,https://jobboerse.arbeitsagentur.de/vamJB/stellenangebotFinden.html?refnr=10001-1000958505-S
(Junior) Data Scientist / Machine Learning Engineer (m/w/d),Data Scientist,WeMatch.,Köln,Nordrhein-Westfalen,Deutschland,50667,2025-05-27,2025-05-28,https://www.persy.jobs/persy/l/job-fqup3-b
Data Scientist (m/w/d),Berufsspezialist/in - Datenanalyse,Nagel-Group Logistics SE,Versmold,Nordrhein-Westfalen,Deutschland,33775,2025-01-20,2025-03-26,https://jobboerse.arbeitsagentur.de/vamJB/stellenangebotFinden.html?refnr=10001-1001049703-S
Applikationsbetreuung (w/m/d) Business Warehouse,Data Scientist,Universitätsklinikum Ulm,,,Deutschland,,2025-04-08,2025-10-01,https://deutschland-stellenmarkt.de/job_show.php?id=bfa$bfa_11112-3762-1683594-0-S
"Junior Data Scientist (m/w/d) Reise, Leipzig",Data Scientist,CHECK24,Leipzig,Sachsen,Deutschland,04105,2025-04-01,2025-05-08,https://www.finest-jobs.com/Stellenanzeige/Junior-Data-Scientist-D-Reise-969324?cp=BA
Data Scientist / Machine Learning Engineer (m/w/d) Mobilfunk,Data Scientist,CHECK24,Köln,Nordrhein-Westfalen,Deutschland,50672,2025-05-26,2025-05-27,https://www.persy.jobs/persy/l/job-fj9lc-b
(Junior) Data Scientist (m/f/d) - Credit Card,Data Scientist,CHECK24,München,Bayern,Deutschland,80636,2025-05-26,2025-05-27,https://www.persy.jobs/persy/l/job-fi1u4-b
Projektmanager im IT- und Data Science-Umfeld (m/w/d),Data Scientist,SHBB/LBV - Digital GmbH,Kiel,Schleswig-Holstein,Deutschland,24103,2025-05-26,2025-05-26,https://www.yourfirm.de/job/detail/20250517-27760046/?utm_campaign=free&utm_source=bundesagentur&utm_medium=unpaid-partner
PIM Data Process Expert (m/w/d),Data Scientist,REHAU Industries SE & Co. KG,Erlangen,Bayern,Deutschland,91058,2025-02-04,2025-05-13,https://jobboerse.arbeitsagentur.de/vamJB/stellenangebotFinden.html?refnr=10001-1001105341-S
Research Data Analyst / Bioinformatician / Data Scientist (f/m/d),Bioinformatiker/in,Universitätsklinikum Tübingen Institut für Medizinische Gene tik und Angewandte Genomik,Tübingen,Baden-Württemberg,Deutschland,72076,2025-05-09,2025-05-09,https://jobboerse.arbeitsagentur.de/vamJB/stellenangebotFinden.html?refnr=10001-1000968986-S
Werkstudent Finance mit Fokus auf Digitalisierung (m/w/d),Data Scientist,ARAG SE,Düsseldorf,Nordrhein-Westfalen,Deutschland,40472,2025-05-22,2025-05-26,https://jobboerse.arbeitsagentur.de/vamJB/stellenangebotFinden.html?refnr=14244-BB-439336-7878-6216-S
"(Senior) Data Scientist (f/m/d),München,Hamburg",Data-Warehouse-Analyst/in,Ipsos GmbH,Hamburg,Hamburg,Deutschland,20097,2025-05-22,2025-05-22,https://www.finest-jobs.com/Stellenanzeige/Senior-Data-Scientist-F-M-D-1130272?cp=BA
Lead Data Scientist (w/m/d),Fachinformatiker/in - Daten- und Prozessanalyse,mi FACHpersonal GmbH,Nürtingen,Baden-Württemberg,Deutschland,72622,2025-03-28,2025-03-28,https://jobboerse.arbeitsagentur.de/vamJB/stellenangebotFinden.html?refnr=10001-1001294973-S
Data Scientist - Lexware Office (d/m/w),Data-Consultant,Haufe-Lexware GmbH & Co.KG,Freiburg im Breisgau,Baden-Württemberg,Deutschland,79111,2025-05-05,2025-06-01,https://jobboerse.arbeitsagentur.de/vamJB/stellenangebotFinden.html?refnr=16963-1102325937586324-S
"Data Analyst,  Data Scientist, Data Engineer (m/w/d)",Lehrer/in/Dozent/in - Erwachsenenbildung,educX GmbH,"Forchheim, Oberfranken",Bayern,Deutschland,91301,2025-03-10,2025-05-23,https://jobboerse.arbeitsagentur.de/vamJB/stellenangebotFinden.html?refnr=10001-1001227628-S
Consultant AI & Education (w/m/d) AI Academy,Data Scientist,statworx,Frankfurt am Main,Hessen,Deutschland,60314,2025-05-19,2025-05-23,https://www.jobexport.de/job/4771792.html?exp=81&cid=fea43ae1-cf70-4335-a13a-3ad1898c09f1
(Junior) Data Scientist (m/w/d) – Fokus auf Large Lang ...,Data Scientist,CHECK24,"Augsburg, Bayern",Bayern,Deutschland,,2025-05-16,2025-05-16,https://jobboard.onapply.de/listing/302904?source=arbeitsagentur
Data Scientist – Telematik (w/m/d),Machine Learning Engineer,HUK-COBURG VVaG,Coburg,Bayern,Deutschland,96450,2025-04-04,2025-04-10,https://jobboerse.arbeitsagentur.de/vamJB/stellenangebotFinden.html?refnr=10000-1202131573-S
Werkstudent:in im Bereich Data Science für Telematik,Data Scientist,HUK-COBURG Versicherungsgruppe,Coburg,Bayern,Deutschland,96450,2025-05-15,2025-05-15,https://www.kalaydo.de/jobs/15222590/?utm_id=ba&utm_source=bundesagentur&utm_medium=unpaid-partner&utm_campaign=000&campaign=ba
Data Scientist and Process Mining Architect,Data Scientist,Processand GmbH,München,Bayern,Deutschland,80337,2025-05-14,2025-05-18,https://www.jobexport.de/job/4769299.html?exp=81&cid=c65de1dd-778c-4f94-9520-1dd82b4c1f67
Senior Data Analyst - KI & Automatisierung (m/w/d),Data Scientist,Thermengruppe Josef Wund,"Sinsheim, Elsenz",Baden-Württemberg,Deutschland,74889,2025-05-14,2025-05-18,https://www.jobexport.de/job/4767671.html?exp=81&cid=d7d871e3-2955-48ae-bb8d-9cf21db0180e
Senior  Data  Analyst - KI & Automatisierung (m/w/d),Data Scientist,Thermengruppe Josef Wund,Euskirchen,Nordrhein-Westfalen,Deutschland,53879,2025-05-14,2025-05-18,https://www.jobexport.de/job/4767669.html?exp=81&cid=f15c9a41-7383-4db8-8ca2-a7517f392f4c
"(Junior) Data Scientist (m/f/d) FinTech, München",Data Scientist,CHECK24,München,Bayern,Deutschland,80636,2025-05-12,2025-05-12,https://www.finest-jobs.com/Stellenanzeige/Junior-Data-Scientist-M-F-D-Fintech-1126226?cp=BA
Projektleitung (m/w/d) – Nachhaltigkeitsbewertung & Datenmanagement im Gartenbau,Data Scientist,Zentrum für Betriebswirtschaft im Gartenbau e.V.,Stuttgart,Baden-Württemberg,Deutschland,70599,2025-04-02,2025-07-01,https://jobboerse.arbeitsagentur.de/vamJB/stellenangebotFinden.html?refnr=10001-1001308315-S
(Senior) Process Intelligence Consultant (m/w/d),Data Scientist,ORBIS SE,München,Bayern,Deutschland,80331,2025-04-29,2025-05-24,https://jobs.jobspreader.com/viewjob-dthfs?utm_source=jsba-premium&utm_medium=n-a&utm_campaign=consulting&utm_term=senior-process-intelligence-consultant-m-w-d
Data Modelling Specialist (m/f/d) - REF76129F,Data Scientist,Continental AG,Hannover,Niedersachsen,Deutschland,30175,2025-03-04,2025-03-11,https://jobboerse.arbeitsagentur.de/vamJB/stellenangebotFinden.html?refnr=10001-1001206359-S
Biostatistician (f/m/d) in Personalized Healthcare,Data Scientist,Roche Diagnostics GmbH,Penzberg,Bayern,Deutschland,82377,2024-12-11,2025-05-07,https://jobboerse.arbeitsagentur.de/vamJB/stellenangebotFinden.html?refnr=13106-371463702-S
"Data Scientist (m/w/d) Technisches Produktmanagement Explorer, Erfurt",Data Scientist,CHECK24,Erfurt,Thüringen,Deutschland,99084,2025-04-08,2025-05-06,https://www.finest-jobs.com/Stellenanzeige/Data-Scientist-D-Technisches-Produktmanagement-Exp-1114146?cp=BA
Digital Transformation Engineer - Data Science (m/w/d),Data Scientist,BASF SE,Ludwigshafen am Rhein,Rheinland-Pfalz,Deutschland,67059,2025-01-07,2025-05-13,https://jobs.jobspreader.com/viewjob-5ndsh?utm_source=jsba&utm_medium=n-a&utm_campaign=it&utm_term=digital-transformation-engineer-data-science-m-w-d
Working Student/ Internship – Data Scientist (m/f/d) -english,Mathematiker/in,quo data GmbH Qualitätsmanagement und Statistik,Dresden,Sachsen,Deutschland,01309,2023-11-21,2025-05-21,https://jobboerse.arbeitsagentur.de/vamJB/stellenangebotFinden.html?refnr=10000-1196814911-S
Manager Advanced Analytics & MLOps (f/m/d),Data Scientist,Heidelberg Materials AG,"Heidelberg, Neckar",Baden-Württemberg,Deutschland,69120,2025-05-20,2025-05-20,https://jobboerse.arbeitsagentur.de/vamJB/stellenangebotFinden.html?refnr=17645-BB-632074-7878-5855-S
(Senior) Software Engineer (m/w/d) Machine Learning,Data Scientist,Körber Pharma Inspection GmbH,Markt Schwaben,Bayern,Deutschland,85570,2025-05-16,2025-05-16,https://jobboerse.arbeitsagentur.de/vamJB/stellenangebotFinden.html?refnr=14470-43387034-515-S
Data Scientist*in für Medical Data Analysis in Teilzeit mit Promotionsmöglichkeit,Informatiker/in,Fraunhofer-Gesellschaft e.V. Zentrale München,Sankt Augustin,Nordrhein-Westfalen,Deutschland,53757,2025-05-06,2025-08-01,https://jobboerse.arbeitsagentur.de/vamJB/stellenangebotFinden.html?refnr=15861-43360308-55-S
National Instruments Dresden GmbH: Principal Data Scientist,Data Scientist,National Instruments Dresden GmbH,Dresden,Sachsen,Deutschland,01099,2025-05-20,2025-05-26,https://www.empfehlungsbund.de/job/280183
National Instruments Dresden GmbH: Chief Data Scientist,Data Scientist,National Instruments Dresden GmbH,Dresden,Sachsen,Deutschland,01099,2025-05-20,2025-05-20,https://www.empfehlungsbund.de/job/280189
Junior Consultant AI & Education (w/m/d) AI Academy,Data Scientist,statworx,Frankfurt am Main,Hessen,Deutschland,60314,2025-05-19,2025-05-23,https://www.jobexport.de/job/4771797.html?exp=81&cid=89c704af-7c03-4c62-903b-13f6639881f8
Consultant Project Manager (w/m/d) AI Solutions,Data Scientist,statworx,Frankfurt am Main,Hessen,Deutschland,60314,2025-05-19,2025-05-23,https://www.jobexport.de/job/4771793.html?exp=81&cid=2d731669-6f1b-45c3-9057-6a0110634d68
Data Scientist mit Schwerpunkt Machine Learning und Cloud (d/m/w),Data-Consultant,Haufe-Lexware GmbH & Co.KG,Freiburg im Breisgau,Baden-Württemberg,Deutschland,79111,2025-04-17,2025-06-01,https://jobboerse.arbeitsagentur.de/vamJB/stellenangebotFinden.html?refnr=16963-1102664464766285-S
Senior Data Scientist – Machine Learning (Pricing & Risikoanalyse) (w/m/d),Data Scientist,HUK-COBURG VVaG,Coburg,Bayern,Deutschland,96450,2025-04-02,2025-04-10,https://jobboerse.arbeitsagentur.de/vamJB/stellenangebotFinden.html?refnr=10000-1202099326-S
Data Scientist*in Distillation und Large Language Models,Informatiker/in,Fraunhofer-Gesellschaft e.V. Zentrale München,Sankt Augustin,Nordrhein-Westfalen,Deutschland,53757,2025-05-06,2025-08-01,https://jobboerse.arbeitsagentur.de/vamJB/stellenangebotFinden.html?refnr=15861-43360149-55-S
Inhouse-Berater Master Data Management/PIM (m/w/d),Data Scientist,Hays AG,Frankfurt am Main,Hessen,Deutschland,,2025-04-29,2025-04-29,https://jobboerse.arbeitsagentur.de/vamJB/stellenangebotFinden.html?refnr=13319-817827/1_546125LS-S
PhD - Effiziente Neuronale Repräsentation von Datensätzen,Data Scientist,Robert Bosch GmbH,Renningen,Baden-Württemberg,Deutschland,71272,2025-05-07,2025-05-07,https://jobboerse.arbeitsagentur.de/vamJB/stellenangebotFinden.html?refnr=15986-744000057791405-1-S
Team Lead Data Architect (all genders),Data Scientist,BORA Lüftungstechnik GmbH,Kiefersfelden,Bayern,Deutschland,83088,2025-04-01,2025-04-29,https://jobboerse.arbeitsagentur.de/vamJB/stellenangebotFinden.html?refnr=10001-1001305293-S
"Data Scientist / Machine Learning Engineer (m/w/d) Mobilfunk, Köln",Data Scientist,CHECK24,Köln,Nordrhein-Westfalen,Deutschland,50672,2025-05-05,2025-05-05,https://www.finest-jobs.com/Stellenanzeige/Data-Scientist-Machine-Learning-Engineer-D-Mobilfu-1088286?cp=BA
Data Science Intern (m/f/d) / AI Forge,Data Scientist,CHECK24,München,Bayern,Deutschland,80636,2025-05-05,2025-05-05,https://jobboard.onapply.de/listing/301973?source=arbeitsagentur
Lead Data Scientist (f/m/d) AI and Forecasting,Softwareentwickler/in,BMG RIGHTS MANAGEMENT GmbH - Corporate,Berlin,Berlin,Deutschland,10117,2025-05-05,2025-05-05,https://germantechjobs.de/jobs/BMG-RIGHTS-MANAGEMENT-GmbH---Corporate-Lead-Data-Scientist-fmd-AI-and-Forecasting?utm_source=ba_int&utm_medium=ba_int&utm_campaign=ba_int
Senior Engineer Machine Learning / Deep Learning (w/m/d),Data Scientist,HUK-COBURG VVaG,Coburg,Bayern,Deutschland,,2024-07-25,2025-04-10,https://jobboerse.arbeitsagentur.de/vamJB/stellenangebotFinden.html?refnr=10000-1199607496-S
Data Scientist & AI Engineer (w|m|d),Data Scientist,BridgingIT GmbH,Berlin,Berlin,Deutschland,12159,2023-03-30,2025-05-01,https://jobboerse.arbeitsagentur.de/vamJB/stellenangebotFinden.html?refnr=15835-000903004c9001-S
"Prompt Engineer / Data Scientist (m/w/d), Frankfurt",KI-Prompter,LORENZ  Life Sciences Group,Frankfurt am Main,Hessen,Deutschland,60489,2025-03-25,2025-05-22,https://www.finest-jobs.com/Stellenanzeige/Prompt-Engineer-Data-Scientist-D-1108343?cp=BA
"Senior Expert*in Konfigurations- und Datenmanagement (w/m/d), Fürstenfeldbruck",Data Scientist,ESG Elektroniksystem- und Logistik-GmbH,Fürstenfeldbruck,Bayern,Deutschland,82256,2025-03-12,2025-05-07,https://www.finest-jobs.com/Stellenanzeige/Senior-Expertin-Konfigurations-Und-Datenmanagement-1078251?cp=BA
Senior ALM Applications and Data Specialist (f/m/d),Data Scientist,Siemens AG,München,Bayern,Deutschland,80538,2025-05-20,2025-05-21,https://jobboerse.arbeitsagentur.de/vamJB/stellenangebotFinden.html?refnr=12465-1419891-1-S
Bachelor of Science Wirtschaftsinformatik 2025,Data Scientist,VE Sales GmbH,Berlin,Berlin,Deutschland,10115,2024-07-12,2025-09-01,https://jobboerse.arbeitsagentur.de/vamJB/stellenangebotFinden.html?refnr=10001-1000397600-S
"Consultant Fraud-Solution, Artificial Intelligence (m/w/d)",Data Scientist,Lantenhammer Consulting,,,Deutschland,,2021-03-31,2025-05-22,https://jobboerse.arbeitsagentur.de/vamJB/stellenangebotFinden.html?refnr=10000-1183278335-S
(Senior) Consultant Data Science Time-Series & Forecasting (w/m/d),Data Scientist,statworx,Frankfurt am Main,Hessen,Deutschland,60314,2025-05-14,2025-05-18,https://www.jobexport.de/job/4767539.html?exp=81&cid=0ab1bbb6-4bbe-4169-9284-865a19257466
Data Scientist – CRM (m/w/d) in Teilzeit max. 18 Std. / Woche,Data Scientist,SOKA Bau / Zusatzversorgungsk. des Baugewerbes AG,Wiesbaden,Hessen,Deutschland,65189,2025-03-05,2025-04-28,https://jobboerse.arbeitsagentur.de/vamJB/stellenangebotFinden.html?refnr=10001-1001212021-S
Senior Customer Analyst (all genders) - Hybrid,Data Scientist,Deutsche Lufthansa AG,Köln,Nordrhein-Westfalen,Deutschland,51063,2025-04-09,2025-05-22,https://jobboerse.arbeitsagentur.de/vamJB/stellenangebotFinden.html?refnr=13348-1405102-1-S
Data Strategy & Data Governance Consultant (w|m|d),Data Scientist,BridgingIT GmbH,München,Bayern,Deutschland,80992,2025-03-28,2025-05-25,https://jobboerse.arbeitsagentur.de/vamJB/stellenangebotFinden.html?refnr=15835-0009030024f002-S
"Data Science Intern (m/f/d) / AI Forge, München",Data Scientist,CHECK24,München,Bayern,Deutschland,80636,2025-04-30,2025-04-30,https://www.finest-jobs.com/Stellenanzeige/Data-Science-Intern-M-F-D-Ai-Forge-1121801?cp=BA
Head of Transformer Engineering Tools DevOps-Department,Data Scientist,Siemens Energy Global GmbH & Co. KG,Erlangen,Bayern,Deutschland,91058,2024-12-10,2024-12-12,https://jobboerse.arbeitsagentur.de/vamJB/stellenangebotFinden.html?refnr=15170-374666490-S
Senior Manager Data Governance & Architecture (all gender),Data Scientist,KWS SAAT SE & Co. KGaA,Einbeck,Niedersachsen,Deutschland,37574,2024-02-19,2024-02-20,https://jobboerse.arbeitsagentur.de/vamJB/stellenangebotFinden.html?refnr=10000-1197991275-S
"Junior Data Scientist (m/f/d) Machine Learning InsurTech, Frankfurt",Data Scientist,CHECK24,Frankfurt am Main,Hessen,Deutschland,60327,2025-03-25,2025-04-30,https://www.finest-jobs.com/Stellenanzeige/Junior-Data-Scientist-M-F-D-Machine-Learning-Insur-1108220?cp=BA
"Werkstudent im Bereich Data Operations (m/w/d),Wiesbaden,Frankfurt am Main",Data Scientist,Institutional Investment Group,Frankfurt am Main,Hessen,Deutschland,60327,2025-03-12,2025-05-07,https://www.finest-jobs.com/Stellenanzeige/Werkstudent-Im-Bereich-Data-Operations-D-1013309?cp=BA
Data Scientist Analytics im Bereich SCM/Logistik (m/w/d) - befristet auf 1 Jahr,Data Scientist,REWE Group,Köln,Nordrhein-Westfalen,Deutschland,51063,2025-05-14,2025-05-26,https://jobboerse.arbeitsagentur.de/vamJB/stellenangebotFinden.html?refnr=12608-1273217-28042-1-S
(Junior) Data Scientist (m/w/d) – Fokus auf Large Language Models (LLMs) und GenAI Mietwagen,Data Scientist,CHECK24,"Augsburg, Bayern",Bayern,Deutschland,86150,2025-05-26,2025-05-27,https://www.persy.jobs/persy/l/job-fjh0p-b
Imaging Staff Scientist,Biophysiker/in,Deutsches Krebsforschungszentrum,Mainz am Rhein,Rheinland-Pfalz,Deutschland,55131,2025-05-27,2025-05-27,https://jobboerse.arbeitsagentur.de/vamJB/stellenangebotFinden.html?refnr=10001-1001457908-S
Entwickler/in für KI on Edge in Hard- und Software im autonomen Drohnenbereich (m/w/d),Data Scientist,SWIFT GmbH Messwerterfassungs-Systeme,"Reinheim, Odenwald",Hessen,Deutschland,64354,2025-05-22,2025-05-22,https://jobboerse.arbeitsagentur.de/vamJB/stellenangebotFinden.html?refnr=10000-1202584797-S
Modelling Scientist (f/m/d),Bioinformatiker/in,Coriolis Pharma Research GmbH,Planegg,Bayern,Deutschland,82152,2025-05-23,2025-05-26,https://jobboerse.arbeitsagentur.de/vamJB/stellenangebotFinden.html?refnr=10001-1001452302-S
Data Scientist in der Logistik / Supply Chain Optimierung (m/w/d)  Vollzeit / Teilzeit / Werkstudent,Softwareentwickler/in,AUEL EDV-Beratung GmbH,Braunschweig,Niedersachsen,Deutschland,38100,2024-10-11,2025-05-26,https://jobboerse.arbeitsagentur.de/vamJB/stellenangebotFinden.html?refnr=10000-1200390066-S
Data Scientist/Analyst prüfungsnahe Beratung/Quants - Assurance (Financial Services) (w/m/d),Mathematiker/in,EY GmbH & Co. KG WPG,"Eschborn, Taunus",Hessen,Deutschland,65760,2024-07-16,2025-05-20,https://jobboerse.arbeitsagentur.de/vamJB/stellenangebotFinden.html?refnr=15548-1261678-1-S
Lead Consultant Data & AI Solutions (w|m|d),Data Scientist,BridgingIT GmbH,Stuttgart,Baden-Württemberg,Deutschland,70178,2022-12-28,2025-05-25,https://jobboerse.arbeitsagentur.de/vamJB/stellenangebotFinden.html?refnr=15835-00090300256002-S
Scientist in Computational Biology,Bioinformatiker/in,Deutsches Krebsforschungszentrum,"Heidelberg, Neckar",Baden-Württemberg,Deutschland,69120,2025-05-23,2025-05-23,https://jobboerse.arbeitsagentur.de/vamJB/stellenangebotFinden.html?refnr=10001-1001451837-S
Manager Corporate Audit with Data Analytics & AI focus (Data Scientist) (m/f/d),Wirtschaftsinformatiker/in (Hochschule),Fresenius SE & Co. KG aA,Bad Homburg vor der Höhe,Hessen,Deutschland,61352,2025-05-14,2025-06-01,https://jobboerse.arbeitsagentur.de/vamJB/stellenangebotFinden.html?refnr=10001-1001420129-S
"Data Analyst (Business Intelligence) (m/w/d)  Vollzeit/Teilzeit in Leipzig, singularIT GmbH",Data Scientist,singularIT GmbH,,,Deutschland,,2025-05-06,2025-06-01,https://www.finest-jobs.com/Stellenanzeige/Data-Analyst-Business-Intelligence-D-Vollzeit-Teil-1123612?cp=BA
Data Science and Machine Learning Solutions Architect (m/f/d) - REF63965U,Data Scientist,Continental AG,Hann. Münden,Niedersachsen,Deutschland,34346,2025-03-12,2025-03-12,https://jobboerse.arbeitsagentur.de/vamJB/stellenangebotFinden.html?refnr=10001-1001238899-S
Scientist / Postdoc (m/f/d),Biologe/Biologin,Max Delbrück Centrum,Berlin,Berlin,Deutschland,10115,2025-04-14,2025-08-01,https://jobboerse.arbeitsagentur.de/vamJB/stellenangebotFinden.html?refnr=10001-1001345190-S
Data Scientist for knowledge retrieval with AI (f/m/d),Wirtschaftsinformatiker/in - IT-Systeme,TÜV SÜD AG,München,Bayern,Deutschland,80331,2025-05-12,2025-05-12,https://jobboerse.arbeitsagentur.de/vamJB/stellenangebotFinden.html?refnr=16071-14431924-25-S
(Senior) Consultant Data Scientist (m/f/d) - limited till 30.06.2026 - REF77894J,Data Scientist,Continental AG,Hannover,Niedersachsen,Deutschland,30175,2025-04-18,2025-04-18,https://jobboerse.arbeitsagentur.de/vamJB/stellenangebotFinden.html?refnr=10001-1001362737-S
NTT DATA Business Solutions Global Managed Services GmbH: Data Migration Lead SAP (w/m/d),Data Scientist,NTT DATA Business Solutions Global Managed Services GmbH,Berlin,Berlin,Deutschland,10625,2025-05-20,2025-05-20,https://www.empfehlungsbund.de/job/177987
NTT DATA Business Solutions Global Managed Services GmbH: Data Migration Developer SAP (w/m/d),Data Scientist,NTT DATA Business Solutions Global Managed Services GmbH,Hamburg,Hamburg,Deutschland,20097,2025-05-20,2025-05-20,https://www.empfehlungsbund.de/job/242008
"(Junior) Data Scientist (m/w/d) - Fokus auf Large Language Models (LLMs) und GenAI Miet..., Augsburg",Data Scientist,CHECK24,"Augsburg, Bayern",Bayern,Deutschland,86150,2025-05-14,2025-05-14,https://www.finest-jobs.com/Stellenanzeige/Junior-Data-Scientist-D-Fokus-Auf-Large-Language-M-1126797?cp=BA
Research Scientist (f_m_x) in Data Science and Forest Disturbance Monitoring,Wissenschaftliche/r Mitarbeiter/in,GFZ Helmholtz-Zentrum für Geoforschung,Potsdam,Brandenburg,Deutschland,14473,2025-05-15,2025-05-15,https://jobboerse.arbeitsagentur.de/vamJB/stellenangebotFinden.html?refnr=17031-0002440271c001-S
"(Junior) Generativer KI Entwickler (m/w/d) Fokus auf Large Language Models - Profis, Berlin",Data Scientist,CHECK24,Berlin,Berlin,Deutschland,10179,2025-05-20,2025-05-20,https://www.finest-jobs.com/Stellenanzeige/Junior-Generativer-Ki-Entwickler-D-Fokus-Auf-Large-1095211?cp=BA
"Haema AG: Data Protection Manager (DSGVO) / Datenschutzkoordinator Voll- oder Teilzeit, befristet 1,",Data Scientist,Haema AG,Leipzig,Sachsen,Deutschland,04109,2025-05-20,2025-05-20,https://www.empfehlungsbund.de/job/280588
Junior Development Scientist (m/f/x),Pharmazeut/in,Baxter Oncology GmbH,Halle (Westfalen),Nordrhein-Westfalen,Deutschland,33790,2025-02-18,2025-03-27,https://jobboerse.arbeitsagentur.de/vamJB/stellenangebotFinden.html?refnr=10001-1001157689-S
Full-Stack Data Analytics/Data Science Expert im Competence Center Digital Accelerator (d/m/w/x),Data Scientist,Mercedes-Benz Group AG,Stuttgart,Baden-Württemberg,Deutschland,70565,2025-04-09,2025-05-12,https://jobboerse.arbeitsagentur.de/vamJB/stellenangebotFinden.html?refnr=13151-1405399-1-S
Senior Full-Stack Data Analytics/Data Science Expert im Competence Center Digital Accelerator...,Data Scientist,Mercedes-Benz Group AG,Stuttgart,Baden-Württemberg,Deutschland,70565,2025-04-09,2025-05-12,https://jobboerse.arbeitsagentur.de/vamJB/stellenangebotFinden.html?refnr=13151-1405408-1-S
"(Junior) Generative AI Engineer (m/w/d) - Fokus auf Large Language Models (LLMs) AurumCars, München",Data Scientist,CHECK24,München,Bayern,Deutschland,80636,2025-05-20,2025-05-20,https://www.finest-jobs.com/Stellenanzeige/Junior-Generative-Ai-Engineer-D-Fokus-Auf-Large-La-1095642?cp=BA
NTT DATA Business Solutions Global Managed Services GmbH: Junior SAP Berater:in Electronic Data Inte,Data Scientist,NTT DATA Business Solutions Global Managed Services GmbH,Köln,Nordrhein-Westfalen,Deutschland,51063,2025-05-20,2025-05-20,https://www.empfehlungsbund.de/job/265351
"(Senior) Data Scientist (Python) (m/w/d), Kaufering, Hauswiesenstraße",Kfm. Ass./Wirtschaftsassistent/in - DV/Rechnungswesen,Corpuls,Kaufering,Bayern,Deutschland,86916,2025-03-21,2025-05-18,https://www.finest-jobs.com/Stellenanzeige/Senior-Data-Scientist-Python-D-1107266?cp=BA
Scientist in Marine Ecosystems and Digital Innovation,Ozeanograf/in,Helmholtz-Zentrum hereon GmbH,Geesthacht,Schleswig-Holstein,Deutschland,21502,2025-05-23,2025-05-23,https://jobboerse.arbeitsagentur.de/vamJB/stellenangebotFinden.html?refnr=10001-1001449534-S
Postdoctoral Scientist (f/m/d)  in the field of Plant Genomics,Bioinformatiker/in,Leibniz-Institut für Pflanzen- genetik und Kulturpflanzen- forschung (IPK),Gatersleben,Sachsen-Anhalt,Deutschland,06466,2025-05-27,2025-11-01,https://jobboerse.arbeitsagentur.de/vamJB/stellenangebotFinden.html?refnr=10001-1001457287-S
Scientist DMPK & Digital Solutions (alle Geschlechter),Biologe/Biologin,Bayer AG,Wuppertal,Nordrhein-Westfalen,Deutschland,42113,2025-05-15,2025-05-16,https://jobboerse.arbeitsagentur.de/vamJB/stellenangebotFinden.html?refnr=12708-1419130-1-S
"Data Scientist Marketing (m/w/d), Dortmund",Betriebswirt/in (Fachschule) - Abs./Mark./B. Prof. Wirtsch.,Dr. Ausbüttel & Co. GmbH,Dortmund,Nordrhein-Westfalen,Deutschland,44149,2025-01-16,2025-05-22,https://www.finest-jobs.com/Stellenanzeige/Data-Scientist-Marketing-D-1079042?cp=BA
Computer Scientist / Research Software Engineer for a LLM based Climate Data Analysis Framework (all,Informatiker/in,Deutsches                Klima rechenzentrum GmbH,Hamburg,Hamburg,Deutschland,20146,2025-03-05,2025-05-22,https://jobboerse.arbeitsagentur.de/vamJB/stellenangebotFinden.html?refnr=10001-1001212911-S
Scientist Powder Diffraction at beamline P02.1 & P25,Physiker/in,Dt Elektronen-Synchrotron DESY Personalabteilung,Hamburg,Hamburg,Deutschland,22607,2025-05-08,2025-05-08,https://jobboerse.arbeitsagentur.de/vamJB/stellenangebotFinden.html?refnr=14030-records294336-S
Scientist (f/m/d) specialised in fisheries biology/marine biology,Wissenschaftliche/r Mitarbeiter/in,Johann Heinrich von Thünen-Institut,Bremerhaven,Bremen,Deutschland,27572,2025-05-23,2025-09-01,https://jobboerse.arbeitsagentur.de/vamJB/stellenangebotFinden.html?refnr=10001-1001449309-S
(Senior) Data Engineer (f/m/d),Data Engineer,Schleswig-Holstein Netz AG,"Essen, Ruhr",Nordrhein-Westfalen,Deutschland,45127,2025-05-22,2025-05-22,https://jobboerse.arbeitsagentur.de/vamJB/stellenangebotFinden.html?refnr=12728-237009-1-S
Senior Data und AI Consultant (f/m/d),Data-Consultant,E.ON Digital Technology GmbH,München,Bayern,Deutschland,80331,2025-05-26,2025-05-26,https://jobboerse.arbeitsagentur.de/vamJB/stellenangebotFinden.html?refnr=12728-236705-1-S
Versicherungs-Data Engineer für Aktuarielle Prozesse (m/w/d),Aktuar/in,PS Direkt GmbH & Co. KG Private Arbeitsvermittlung,Köln,Nordrhein-Westfalen,Deutschland,50677,2025-05-13,2025-06-02,https://jobboerse.arbeitsagentur.de/vamJB/stellenangebotFinden.html?refnr=12206-13218512-S
Research Scientist – qPCR assay development and production,Wissenschaftliche/r Mitarbeiter/in,FRIZ Biochem GmbH,"Neuried, Kreis München",Bayern,Deutschland,82061,2025-04-02,2025-04-10,https://jobboerse.arbeitsagentur.de/vamJB/stellenangebotFinden.html?refnr=10001-1001311184-S
"Scientist (f/m/d) (Geoinformatics, Environmental Sciences, or Agricultural,Forest Sciences)",Wissenschaftliche/r Mitarbeiter/in,Johann Heinrich von Thünen-Institut,Hamburg,Hamburg,Deutschland,21031,2025-05-15,2025-05-15,https://jobboerse.arbeitsagentur.de/vamJB/stellenangebotFinden.html?refnr=10001-1001426294-S
Big Data Analytics / Monitoring Specialist (m/w/d),Informatiker/in,Bauhaus AG,Mannheim,Baden-Württemberg,Deutschland,68167,2024-06-19,2025-05-20,https://jobboerse.arbeitsagentur.de/vamJB/stellenangebotFinden.html?refnr=14011-42607283-618-S
Specialist Clinical Data Management (m/w/i),Informatiker/in,MEDICE Arzneimittel Pütter GmbH & Co. KG,Iserlohn,Nordrhein-Westfalen,Deutschland,58638,2025-02-20,2025-05-20,https://jobboerse.arbeitsagentur.de/vamJB/stellenangebotFinden.html?refnr=10000-1201677020-S
Principal AI Research Scientist (f/m/d) - Foundation Models for Power Grids,Machine Learning Engineer,Siemens Energy Global GmbH & Co. KG,Erlangen,Bayern,Deutschland,91058,2025-03-06,2025-03-07,https://jobboerse.arbeitsagentur.de/vamJB/stellenangebotFinden.html?refnr=15170-388500455-S
Python Data Engineer with passion for Data Analysis (m/f/d) in IT security company,Data-Analyst/in,Zertificon Solutions GmbH,Berlin,Berlin,Deutschland,12347,2025-05-20,2025-05-20,https://jobboerse.arbeitsagentur.de/vamJB/stellenangebotFinden.html?refnr=10001-1001440120-S
Postdoc/PhD in Computer Science – Multimodal Models,Informatiker/in,Universitätsklinikum der Technischen Universität München AöR,München,Bayern,Deutschland,81675,2025-05-27,2025-05-27,https://jobboerse.arbeitsagentur.de/vamJB/stellenangebotFinden.html?refnr=10001-1001457556-S
PostDoc position (m/f/d) in intestinal metabolomics in health and disease,Wissenschaftliche/r Mitarbeiter/in,Universitätsklinikum Schleswig-Holstein,Kiel,Schleswig-Holstein,Deutschland,24105,2025-05-27,2025-05-27,https://jobboerse.arbeitsagentur.de/vamJB/stellenangebotFinden.html?refnr=14177-43410710-526-S
KI- und Software-Entwickler (m/w/d),Softwareentwickler/in,Oloqiqi GmbH,Potsdam,Brandenburg,Deutschland,14469,2025-04-09,2025-05-20,https://jobboerse.arbeitsagentur.de/vamJB/stellenangebotFinden.html?refnr=10001-1001333629-S
Studentische Hilfskraft im Bereich Medical Image Analysis,Assistent/in - Informatik (allgemeine Informatik),Fraunhofer-Gesellschaft e.V. Zentrale München,Sankt Augustin,Nordrhein-Westfalen,Deutschland,53757,2025-05-24,2025-08-01,https://jobboerse.arbeitsagentur.de/vamJB/stellenangebotFinden.html?refnr=15861-43386118-515-S
PhD student: Exploring phase stability in multinary intermetallic nanoparticles and thin films,Wissenschaftliche/r Mitarbeiter/in,Ruhr-Universität Bochum,Bochum,Nordrhein-Westfalen,Deutschland,44801,2025-05-15,2025-05-19,https://jobboerse.arbeitsagentur.de/vamJB/stellenangebotFinden.html?refnr=10001-1001424817-S
PhD student: - Combinatorial synthesis and high-throughput characterization of new high entropy mate,Wissenschaftliche/r Mitarbeiter/in,Ruhr-Universität Bochum,Bochum,Nordrhein-Westfalen,Deutschland,44801,2025-05-15,2025-05-16,https://jobboerse.arbeitsagentur.de/vamJB/stellenangebotFinden.html?refnr=10001-1001424494-S
wissenschaftliche Mitarbeiterin/wissenschaftlicher Mitarbeiter (m/w/d) (Master/Uni-Diplom),Wissenschaftliche/r Mitarbeiter/in,BAV Dienstsitz Aurich,Bergisch Gladbach,Nordrhein-Westfalen,Deutschland,51427,2025-05-27,2025-05-27,https://jobboerse.arbeitsagentur.de/vamJB/stellenangebotFinden.html?refnr=10001-1001456920-S
Leiterin / Leiter (d/m/w) Aktuariat,Aktuar/in,NÜRNBERGER Lebensversicherung AG,"Nürnberg, Mittelfranken",Bayern,Deutschland,90482,2025-05-16,2025-05-16,https://jobboerse.arbeitsagentur.de/vamJB/stellenangebotFinden.html?refnr=10001-1001428409-S
Bioinformatician (Spatial Image Analysis),Biologe/Biologin,Deutsches Krebsforschungszentrum,"Heidelberg, Neckar",Baden-Württemberg,Deutschland,69120,2025-05-23,2025-05-23,https://jobboerse.arbeitsagentur.de/vamJB/stellenangebotFinden.html?refnr=10001-1001450789-S
Insights & Reporting Specialist (m/f/d) Sales Capability Team,Projektleiter/in,Dr. August Oetker NM KG,Bielefeld,Nordrhein-Westfalen,Deutschland,33617,2025-05-09,2025-06-01,https://jobboerse.arbeitsagentur.de/vamJB/stellenangebotFinden.html?refnr=13011-43369370-58-S
Business Analyst Baufinanzierung / Mortgage Focus (m/w/d),Betriebswirt/in (Fachschule) - Controlling/B. Prof. Wirtsch.,expertum GmbH,Berlin,Berlin,Deutschland,10178,2025-05-08,2025-07-01,https://jobboerse.arbeitsagentur.de/vamJB/stellenangebotFinden.html?refnr=12438-13209548-S
Wiss. Mitarbeiter:in im Projekt „Next Generation City Networking“ (NGCN)“,Wissenschaftliche/r Mitarbeiter/in,HafenCity Universität Hamburg,Hamburg,Hamburg,Deutschland,20457,2025-05-22,2025-05-22,https://jobboerse.arbeitsagentur.de/vamJB/stellenangebotFinden.html?refnr=10001-1001447737-S
Head of Bioinformatics Facility (m/f/div),Biowissenschaftler/in,MPI für Immunbio. u. Epigenet.,Freiburg im Breisgau,Baden-Württemberg,Deutschland,79108,2025-05-13,2025-05-13,https://jobboerse.arbeitsagentur.de/vamJB/stellenangebotFinden.html?refnr=10001-1001415513-S
"Senior ML Engineer (f/m/d) - Procurement, Logistics, Factory",Informatiker/in,Siemens AG,München,Bayern,Deutschland,80538,2025-04-23,2025-05-17,https://jobboerse.arbeitsagentur.de/vamJB/stellenangebotFinden.html?refnr=12465-1409948-1-S
Software Engineer / Softwareentwickler (w/m/d) Schwerpunkt Künstliche Intelligenz,Softwareentwickler/in,ALDB GmbH,Berlin,Berlin,Deutschland,10707,2025-02-24,2025-04-08,https://jobboerse.arbeitsagentur.de/vamJB/stellenangebotFinden.html?refnr=10001-1001178968-S
Junior Group Leader on Conservation Genomics (m/f/d),Biologe/Biologin,Staatliches Museum für Naturkunde Stuttgart,Stuttgart,Baden-Württemberg,Deutschland,70191,2025-04-15,2025-05-15,https://jobboerse.arbeitsagentur.de/vamJB/stellenangebotFinden.html?refnr=10001-1001351700-S
BI Developer Analytics (m/w/d) -  befristet auf 10 Monate,Informatiker/in,REWE Group,Köln,Nordrhein-Westfalen,Deutschland,50933,2025-05-06,2025-05-07,https://jobboerse.arbeitsagentur.de/vamJB/stellenangebotFinden.html?refnr=12608-1271363-28033-1-S
Hard- and Software Development Engineer (m/f/d),Ingenieur/in - Optoelektronik,MPI f. mol.Zellbiologie,Dresden,Sachsen,Deutschland,01307,2025-03-14,2025-05-01,https://jobboerse.arbeitsagentur.de/vamJB/stellenangebotFinden.html?refnr=18713-0054519573-S
